"","Species.ID","Order","Species.name","IUCN.name","Tree.name","HWI","Sample.size","Body.mass..log.","Range.Size","Island","Migration.1","Migration.2","Migration.3","Territoriality","Diet","Habitat","Latitude","AnnualTemp","TempRange","AnnualPrecip","PrecipRange","Synonym","Notes","meanHWI_martin","meanBMg_martin"
"RHEPEN",10050,"Rheiformes","Rhea pennata","Rhea pennata","Rhea_pennata",0.016167494,4,4.378397901,130,0,"Not a Migrant",1,"resident","none","omnivore",3,-35.79,9.135526977,24.10852616,255.8050928,34.73229094,NA,NA,0.016,23450
"TINGUT",10004,"Tinamiformes","Tinamus guttatus","Tinamus guttatus","Tinamus_guttatus",26.40499811,4,2.836438056,381,0,"Not a Migrant",1,"resident","weak","fruit",1,-5.54,25.53861053,13.4907001,2339.027287,254.2953604,NA,NA,23.336,530.87
"CHATOR",10358,"Anseriformes","Chauna torquata","Chauna torquata","Chauna_torquata",35.29093042,4,3.643452676,337,0,"Not a Migrant",1,"resident","strong","plants",3,-24.29,21.21164537,22.10507517,1211.327221,140.5682221,NA,NA,34.311,3369.21
"ANAPLA",10441,"Anseriformes","Anas platyrhynchos","Anas platyrhynchos","Anas_platyrhynchos",50.77664373,4,2.926043895,4330,0.025404157,"Full Migrant",2,"directional migratory","none","omnivore",3,49.28,3.379222817,40.49843354,542.2088177,63.94782641,NA,NA,45.471,1443.6
"GALGAL",10314,"Galliformes","Gallus gallus","Gallus gallus","Gallus_gallus",23.21714883,4,2.876056105,399,0.050125313,"Not a Migrant",1,"resident","weak","omnivore",1,13.7,23.50574193,18.53666241,1861.5042,324.0116573,NA,NA,25.339,438.57
"COTJAP",10262,"Galliformes","Coturnix japonica","Coturnix japonica","Coturnix_japonica",39.35244499,4,1.976716704,465,0.04516129,"Full Migrant",3,"directional migratory","none","plants",3,46.52,1.84543268,47.68283048,784.4334667,135.5586042,NA,NA,25.449,608.47
"MELGAL",10174,"Galliformes","Meleagris gallopavo","Meleagris gallopavo","Meleagris_gallopavo",25.98130925,4,3.762781312,557,0,"Not a Migrant",1,"resident","none","omnivore",2,36.84,12.69016636,36.15446195,838.1662933,79.52642738,NA,NA,26.276,5658.18
"TYMCUP",10191,"Galliformes","Tympanuchus cupido","Tympanuchus cupido","Tympanuchus_cupido",42.68803845,4,2.939559186,66,0,"Not a Migrant",1,"resident","none","seeds",3,41.84,9.267988469,43.69047347,646.979102,80.53762092,NA,NA,37.438,1031.21
"PODPOD",10687,"Podicipediformes","Podilymbus podiceps","Podilymbus podiceps","Podilymbus_podiceps",34.00514456,7,2.614823422,2102,0.039010466,"Full Migrant",2,"directional migratory","strong","invertebrates",3,16.17,14.57976363,29.09229353,955.7529879,112.9292665,NA,NA,34.005,411.93
"PODCRI",10694,"Podicipediformes","Podiceps cristatus","Podiceps cristatus","Podiceps_cristatus",43.84020697,4,2.863893612,2226,0.004043127,"Full Migrant",1,"directional migratory","weak","vertebrates",3,30.11,10.04233436,35.10793746,508.0956994,64.21914081,NA,NA,37.042,555.74
"MESUNI",11250,"Mesitornithiformes","Mesitornis unicolor","Mesitornis unicolor","Mesitornis_unicolor",9.107669617,3,2.170261715,37,0,"Altitudinal Migrant",1,"resident","strong","invertebrates",1,-19.62,21.68262424,16.03019697,1870.45803,278.632107,NA,NA,9.982,132.98
"PTEGUT",11803,"Pteroclidiformes","Pterocles gutturalis","Pterocles gutturalis","Pterocles_gutturalis",54.2066444,4,2.5289167,199,0,"Full Migrant",2,"directional migratory","none","seeds",3,-9.22,21.15577404,22.43913317,731.6048798,159.2435054,NA,NA,54.434,248.23
"COLLIV",11812,"Columbiformes","Columba livia","Columba livia","Columba_livia",44.18079137,8,2.549248557,3117,0.021174206,"Not a Migrant",1,"resident","none","seeds",3,35.87,14.18175604,32.98725764,569.8564235,89.01329847,NA,NA,37.018,272.08
"PATFAS",11851,"Columbiformes","Patagioenas fasciata","Patagioenas fasciata","Patagioenas_fasciata",36.2347931,4,2.563836919,508,0.00984252,"Full Migrant",1,"directional migratory","none","seeds",2,19.15,16.88921503,24.37194292,1149.374008,163.2309367,NA,NA,35.805,263.55
"TAUERY",12516,"Musophagiformes","Tauraco erythrolophus","Tauraco erythrolophus","Tauraco_erythrolophus",10.35279009,4,2.417039675,52,0,"Not a Migrant",1,"resident","strong","fruit",2,-9.76,22.42579231,17.24026923,1068.817744,214.2727933,NA,NA,10.305,263.22
"CORCON",12524,"Musophagiformes","Corythaixoides concolor","Corythaixoides concolor","Corythaixoides_concolor",18.32474909,4,2.411619706,296,0,"Not a Migrant",1,"resident","strong","fruit",2,-17,21.75902346,22.85792704,799.2622163,174.9900201,NA,NA,17.214,431.03
"LOPRUF",11241,"Otidiformes","Lophotis ruficrista","Lophotis ruficrista","Lophotis_ruficrista",37.46030633,4,2.852540986,199,0,"Not a Migrant",1,"resident","none","omnivore",3,-20.9,20.83620222,25.60043587,578.2420022,123.776402,NA,NA,37.561,977.2
"CHLMAC",11228,"Otidiformes","Chlamydotis macqueenii","Chlamydotis macqueenii","Chlamydotis_macqueenii",43.3228056,2,NA,NA,NA,"Full Migrant",1,"directional migratory","none",NA,3,NA,15.74660727,37.74914064,157.560791,29.83962584,NA,NA,42.345,4130.62
"GEOCAL",12537,"Cuculiformes","Geococcyx californianus","Geococcyx californianus","Geococcyx_californianus",6.475186807,4,2.575187845,304,0.019736842,"Not a Migrant",1,"resident","strong","invertebrates",2,30.73,17.27194968,32.50903406,553.4703971,79.81834438,NA,NA,10.929,237.87
"CROSUL",12532,"Cuculiformes","Crotophaga sulcirostris","Crotophaga sulcirostris","Crotophaga_sulcirostris",19.31863142,4,1.914025652,325,0.024615385,"Nomadic",1,"dispersive migratory","strong","invertebrates",3,10.87,22.61351027,16.91006611,1315.275192,211.1162653,NA,NA,23.221,120.35
"CEUAER",12585,"Cuculiformes","Ceuthmochares aereus","Ceuthmochares aereus","Ceuthmochares_aereus",13.40220511,4,1.818225894,683,0.008784773,"Not a Migrant",1,"resident","strong","invertebrates",1,-3.71,23.93898531,14.83886027,1479.057554,227.8121446,NA,NA,19.37,94.3
"CUCCAN",12677,"Cuculiformes","Cuculus canorus","Cuculus canorus","Cuculus_canorus",49.20162664,4,2.046729222,3301,0.01423811,"Full Migrant",3,"directional migratory","none","invertebrates",2,47.69,4.306983885,40.67428551,593.855007,82.91258889,NA,NA,36.48,75.89
"ANTCAR",12945,"Caprimulgiformes","Caprimulgus carolinensis","Antrostomus carolinensis","Antrostomus_carolinensis",51.50960204,4,2.037426498,334,0.005988024,"Full Migrant",3,"directional migratory","weak","invertebrates",2,34.27,16.13986719,33.4806125,1189.043871,78.08816758,NA,NA,44.006,56.96
"CHOACU",12931,"Caprimulgiformes","Chordeiles acutipennis","Chordeiles acutipennis","Chordeiles_acutipennis",55.12618294,4,1.685024785,303,0.03630363,"Full Migrant",2,"directional migratory","weak","invertebrates",2,24.42,20.04699149,26.40444264,798.5486245,136.978642,NA,NA,54.18,53.26
"HEMCOM",13024,"Apodiformes","Hemiprocne comata","Hemiprocne comata","Hemiprocne_comata",56.20015714,4,1.314499228,234,0.320512821,"Not a Migrant",1,"resident","strong","invertebrates",1,4.03,26.15291743,10.1088252,2733.085872,256.5223718,NA,NA,64.053,40.63
"CHAPEL",13096,"Apodiformes","Chaetura pelagica","Chaetura pelagica","Chaetura_pelagica",70.32475678,4,1.372912003,675,0.066666667,"Full Migrant",3,"directional migratory","none","invertebrates",1,40.48,10.03139466,38.88816016,919.7388729,67.40032031,NA,NA,67.52,30.67
"OREMEL",13352,"Apodiformes","Oreotrochilus melanogaster","Oreotrochilus melanogaster","Oreotrochilus_melanogaster",58.48422832,4,0.959041392,9,0,"Not a Migrant",1,"resident","none","nectar",3,-11.81,10.98158,18.01571538,927.6868462,136.5248953,NA,NA,62.437,5.51
"CALANN",13451,"Apodiformes","Calypte anna","Calypte anna","Calypte_anna",65.62151134,4,0.627365857,80,0.0875,"Full Migrant",2,"dispersive migratory","none","nectar",2,37.43,13.74009133,29.37112,737.78128,120.5607122,NA,NA,63.538,4.53
"RHYJUB",11254,"Eurypygiformes","Rhynochetos jubatus","Rhynochetos jubatus","Rhynochetos_jubatus",14.02870492,3,2.934493401,9,1,"Not a Migrant",1,"resident","strong","invertebrates",1,-21.27,22.31132222,13.33592222,1628.914444,178.3270222,NA,NA,15.002,534.99
"PHALEP",10710,"Phaethontiformes","Phaethon lepturus","Phaethon lepturus","Phaethon_lepturus",70.3792781,4,2.515926803,283,0.851590106,"Full Migrant",3,"dispersive migratory","none","vertebrates",3,-2.21,25.91120844,9.040948578,2035.390962,172.8178344,NA,NA,69.231,583.3
"APTFOR",10525,"Sphenisciformes","Aptenodytes forsteri","Aptenodytes forsteri","Aptenodytes_forsteri",3.690868066,4,4.525942673,138,0.007246377,"Full Migrant",2,"dispersive migratory","none","vertebrates",3,-69.81,4.132004444,11.93306815,1213.771519,48.57838148,NA,NA,5.195,5911.1
"PELURI",10681,"Procellariiformes","Pelecanoides urinatrix","Pelecanoides urinatrix","Pelecanoides_urinatrix",47.71218494,4,2.182014986,43,0.906976744,"Full Migrant",2,"dispersive migratory","none","invertebrates",3,-42.75,10.64116228,16.12242812,1191.654614,68.51489703,NA,NA,58.582,1036.63
"MESCAY",10750,"Pelecaniformes","Mesembrinibis cayennensis","Mesembrinibis cayennensis","Mesembrinibis_cayennensis",24.94867571,4,2.878521796,950,0,"Not a Migrant",1,"resident","none","invertebrates",2,-7.23,24.64826009,14.68506431,1978.963609,246.3479469,NA,NA,34.602,1179.34
"NIPNIP",10740,"Pelecaniformes","Nipponia nippon","Nipponia nippon","Nipponia_nippon",36.21470956,4,3.278753601,7,0,"Not a Migrant",1,"directional migratory","none","vertebrates",2,37.43,9.475266923,37.70376923,835.015,132.5484931,NA,NA,35.446,1396.23
"COCCOC",10770,"Pelecaniformes","Cochlearius cochlearius","Cochlearius cochlearius","Cochlearius_cochlearius",28.25724689,4,2.808352788,1081,0.006475486,"Not a Migrant",1,"resident","none","invertebrates",2,-4,24.79092154,14.82758571,1930.937893,253.1588076,NA,NA,28.257,643.21
"EGRGAR",10826,"Pelecaniformes","Egretta garzetta","Egretta garzetta","Egretta_garzetta",33.09686572,4,2.494154594,1835,0.088828338,"Full Migrant",2,"directional migratory","none","omnivore",3,7.6,22.0610076,22.40388389,1097.492451,189.0265377,NA,NA,31.781,677.65
"SCOUMB",10836,"Pelecaniformes","Scopus umbretta","Scopus umbretta","Scopus_umbretta",36.07840977,4,2.673941999,1767,0.002829655,"Not a Migrant",2,"resident","weak","vertebrates",3,-2.45,23.87175756,20.11836676,958.1881183,183.5595916,NA,NA,36.078,472
"PELCRI",10841,"Pelecaniformes","Pelecanus crispus","Pelecanus crispus","Pelecanus_crispus",43.28592922,4,3.978275951,224,0,"Full Migrant",2,"directional migratory","none","vertebrates",3,44.17,9.152154405,40.88533065,361.3284031,43.32460741,NA,NA,44.832,5904.27
"NANHAR",10862,"Pelecaniformes","Phalacrocorax harrisi","Phalacrocorax harrisi","Phalacrocorax_harrisi",22.97719542,4,3.479520606,2,1,"Not a Migrant",1,"resident","none","vertebrates",3,-0.53,23.01248,11.53588,608.0822,64.68526,NA,NA,34.049,2050.43
"PHACAR",10870,"Pelecaniformes","Phalacrocorax carbo","Phalacrocorax carbo","Phalacrocorax_carbo",38.68346865,4,3.402943678,1738,0.01150748,"Full Migrant",2,"directional migratory","none","vertebrates",3,7.94,16.72337778,27.32336425,692.1022955,101.4346999,NA,NA,36.837,1701.73
"ATLROG",11328,"Gruiformes","Atlantisia rogersi","Atlantisia rogersi","Atlantisia_rogersi",0.184630099,4,1.594060901,1,1,"Not a Migrant",1,"resident","strong","invertebrates",2,-37.32,13.6875,11.9,1744.25,68.75,NA,NA,11.671,585.69
"HELFUL",11267,"Gruiformes","Heliornis fulica","Heliornis fulica","Heliornis_fulica",36.24746303,4,2.120573931,860,0.003488372,"Not a Migrant",1,"resident","weak","vertebrates",2,-3.6,24.90444078,14.12127787,2125.736514,256.9043428,NA,NA,21.526,129.05
"PSOCRE",11398,"Gruiformes","Psophia crepitans","Psophia crepitans","Psophia_crepitans",9.624414279,4,3.011147361,269,0,"Not a Migrant",1,"resident","strong","fruit",1,1.28,25.8792034,11.34254813,2491.542861,249.2640966,NA,NA,8.135,1137.53
"BALREG",11401,"Gruiformes","Balearica regulorum","Balearica regulorum","Balearica_regulorum",37.97820359,4,3.576570533,322,0.01242236,"Not a Migrant",1,"resident","weak","omnivore",3,-14.51,21.09154366,21.76813489,866.1256998,172.5475573,NA,NA,39.262,5025.76
"CHAVOC",11504,"Charadriiformes","Charadrius vociferus","Charadrius vociferus","Charadrius_vociferus",52.61916019,4,1.984257202,1463,0.043745728,"Full Migrant",3,"directional migratory","weak","invertebrates",3,39.54,9.443135298,36.63076707,727.2867088,76.43753946,NA,NA,52.523,64.62
"CHAALE",11512,"Charadriiformes","Charadrius alexandrinus","Charadrius alexandrinus","Charadrius_alexandrinus",54.98527271,4,1.626340367,2135,0.042622951,"Full Migrant",2,"directional migratory","weak","invertebrates",3,34.79,13.35815192,34.0394301,518.7902031,79.4970144,NA,NA,51.982,60.03
"PINIMP",NA,NA,NA,NA,"Pinguinus_impennis",NA,NA,NA,NA,NA,NA,NA,NA,NA,NA,NA,NA,NA,NA,NA,NA,NA,NA,53.84,4750
"ALCTOR",11776,"Charadriiformes","Alca torda","Alca torda","Alca_torda",56.79864192,4,2.860930639,218,0.096330275,"Full Migrant",3,"directional migratory","none","vertebrates",3,60.03,1.811573804,25.16947305,942.3945487,55.2724987,NA,NA,56.799,725.99
"AQUCHR",11129,"Accipitriformes","Aquila chrysaetos","Aquila chrysaetos","Aquila_chrysaetos",36.97446098,4,3.628181441,4098,0.008540752,"Full Migrant",2,"directional migratory","weak","vertebrates",3,49.25,3.059072666,41.90121624,516.9168197,68.59276176,NA,NA,32.65,1862.86
"HALALB",10948,"Accipitriformes","Haliaeetus albicilla","Haliaeetus albicilla","Haliaeetus_albicilla",38.01631482,4,3.674794109,2167,0.022150438,"Full Migrant",2,"directional migratory","weak","vertebrates",3,56.68,-1.74226709,46.20120786,500.5294146,62.37724491,NA,NA,34.538,765.12
"COLSTR",13471,"Coliiformes","Colius striatus","Colius striatus","Colius_striatus",25.32994451,4,1.7084209,776,0.005154639,"Not a Migrant",1,"resident","weak","fruit",2,-3.87,23.10505872,18.1026818,1086.500743,187.8353436,NA,NA,27.327,46.22
"UROIND",13476,"Coliiformes","Urocolius indicus","Urocolius indicus","Urocolius_indicus",32.04650821,4,1.721810615,437,0,"Not a Migrant",1,"resident","weak","fruit",2,-21.07,20.24748843,24.64562922,631.8570211,130.2823374,NA,NA,30.799,49.1
"STROCC",12803,"Strigiformes","Strix occidentalis","Strix occidentalis","Strix_occidentalis",32.99202255,4,2.768171743,196,0.005102041,"Altitudinal Migrant",1,"resident","strong","vertebrates",1,34.69,12.9955536,32.35303346,628.2559465,108.0137066,NA,NA,27.253,379.94
"TYTALB",12687,"Strigiformes","Tyto alba","Tyto alba","Tyto_alba",41.40162173,4,2.605649759,6303,0.039346343,"Not a Migrant",1,"resident","weak","vertebrates",3,4.75,20.68049815,22.64179604,1102.901867,166.3266704,NA,NA,32.404,454.95
"TROMEL",13511,"Trogoniformes","Trogon melanurus","Trogon melanurus","Trogon_melanurus",34.45569036,8,2.056904851,594,0,"Not a Migrant",1,"resident","strong","fruit",1,-2.76,25.53386381,13.02530111,2264.459483,269.0585949,NA,NA,37.089,92.84
"APAVIT",13479,"Trogoniformes","Apaloderma vittatum","Apaloderma vittatum","Apaloderma_vittatum",38.81241317,4,1.740362689,134,0.02238806,"Not a Migrant",1,"resident","weak","invertebrates",1,-2.86,21.79951325,15.3607647,1304.192,209.3672283,NA,NA,38.004,60.24
"BUCABY",13746,"Bucerotiformes","Bucorvus abyssinicus","Bucorvus abyssinicus","Bucorvus_abyssinicus",20.54886947,4,3.602059991,626,0,"Not a Migrant",1,"resident","strong","omnivore",3,9.16,25.26722574,20.36143645,1013.540016,223.1533623,NA,NA,20.642,3871.81
"BUCRHI",13718,"Bucerotiformes","Buceros rhinoceros","Buceros rhinoceros","Buceros_rhinoceros",21.66519885,4,3.375037779,166,0.13253012,"Not a Migrant",1,"resident","weak","fruit",1,-0.32,25.86063877,9.881488987,2743.796167,209.0680405,NA,NA,18.314,926.93
"EURGUL",13529,"Coraciiformes","Eurystomus gularis","Eurystomus gularis","Eurystomus_gularis",42.40935087,4,1.983581187,311,0.003215434,"Not a Migrant",1,"resident","weak","invertebrates",2,1.56,24.77252348,12.89007776,1797.225562,245.4776515,NA,NA,28.934,134
"MERNUB",13673,"Coraciiformes","Merops nubicus","Merops nubicus","Merops_nubicus",40.10435143,4,1.627365857,641,0,"Full Migrant",2,"directional migratory","none","invertebrates",2,8.65,25.65731336,20.09924811,960.7988071,205.2162422,NA,NA,33.096,35.66
"PICPUB",14067,"Piciformes","Picoides pubescens","Dryobates pubescens","Picoides_pubescens",28.17223792,5,1.407390904,1197,0.002506266,"Not a Migrant",1,"resident","strong","invertebrates",2,46.64,5.401370363,39.90665205,777.9590834,68.96253123,NA,NA,21.26,81.14
"INDMAC",13947,"Piciformes","Indicator maculatus","Indicator maculatus","Indicator_maculatus",19.63893076,4,1.670245853,312,0.003205128,"Not a Migrant",1,"resident","none","nectar",1,2.8,25.03648719,13.38139173,1802.871719,264.0230001,NA,NA,22.459,27.41
"CARCRI",11252,"Cariamiformes","Cariama cristata","Cariama cristata","Cariama_cristata",10.6789811,4,3.146128036,526,0,"Not a Migrant",1,"resident","strong","invertebrates",2,-19.13,22.50692448,19.20856588,1202.46579,169.8480916,NA,NA,10.679,1400
"CHUBUR",11253,"Cariamiformes","Chunga burmeisteri","Chunga burmeisteri","Chunga_burmeisteri",10.68658257,3,3.113274692,85,0,"Not a Migrant",1,"resident","strong","omnivore",2,-25.55,21.29131376,25.48383303,734.8405138,108.8476228,NA,NA,10.687,1298
"HERCAC",11167,"Falconiformes","Herpetotheres cachinnans","Herpetotheres cachinnans","Herpetotheres_cachinnans",18.91901753,8,2.794892178,1187,0.00505476,"Not a Migrant",1,"resident","strong","vertebrates",2,-4.16,24.64707434,14.95141866,1868.399015,244.4823735,NA,NA,19.12,379.98
"FALPER",11219,"Falconiformes","Falco peregrinus","Falco peregrinus","Falco_peregrinus",55.42239926,4,2.880785019,6250,0.0824,"Full Migrant",2,"directional migratory","strong","vertebrates",3,25.84,10.93264578,32.28547027,741.7688717,112.4582044,NA,NA,46.474,393.82
"NESNOT",12132,"Psittaciformes","Nestor notabilis","Nestor notabilis","Nestor_notabilis",34.48747281,4,2.935995698,13,0.076923077,"Not a Migrant",1,"resident","none","plants",2,-43.23,9.287202381,19.71199048,2151.355048,86.44532857,NA,NA,29.941,1007.68
"MELUND",12270,"Psittaciformes","Melopsittacus undulatus","Melopsittacus undulatus","Melopsittacus_undulatus",50.82055221,4,1.462248215,561,0.003565062,"Nomadic",2,"nomadic","none","seeds",3,-25.84,21.68075932,28.73484108,384.1055297,64.32413529,NA,NA,40.532,182.41
"SCYSUP",14887,"Passeriformes","Scytalopus superciliaris","Scytalopus superciliaris","Scytalopus_superciliaris",15.48005436,4,1.250420002,13,0,"Not a Migrant",1,"resident","strong","invertebrates",3,-25.65,15.30666118,27.14097647,446.9726471,93.74896312,NA,NA,9.539,31.11
"CAMPRO",14539,"Passeriformes","Campylorhamphus procurvoides","Campylorhamphus procurvoides","Campylorhamphus_procurvoides",18.4546343,11,1.525044807,336,0,"Not a Migrant",1,"resident","strong","invertebrates",1,-1.85,25.90946637,12.225661,2446.238241,266.6491618,NA,NA,16.154,32.88
"MANMAN",15410,"Passeriformes","Manacus manacus","Manacus manacus","Manacus_manacus",15.69798372,5,1.222716471,714,0.00140056,"Not a Migrant",1,"resident","none","fruit",1,-4.82,24.97159875,13.67590807,2097.081233,255.4989226,NA,NA,18.463,15.16
"LEPCOR",15402,"Passeriformes","Lepidothrix coronata","Lepidothrix coronata","Lepidothrix_coronata",18.39193479,20,0.921166051,332,0,"Not a Migrant",1,"resident","none","fruit",1,-2.86,24.88804253,12.47022995,2551.40513,239.6845689,NA,NA,19.289,9.22
"MENNOV",15475,"Passeriformes","Menura novaehollandiae","Menura novaehollandiae","Menura_novaehollandiae",1.970630487,4,2.987943196,43,0,"Not a Migrant",1,"resident","strong","invertebrates",1,-34.46,14.481045,22.93875893,1032.756,78.392725,NA,NA,2.609,950.31
"ATRCLA",15477,"Passeriformes","Atrichornis clamosus","Atrichornis clamosus","Atrichornis_clamosus",6.02739726,2,1.624797579,2,0,"Not a Migrant",1,"resident","strong","invertebrates",2,-33.62,15.72882,23.41072,627.8398,96.3735,NA,NA,8.326,33.08
"ORTSPA",15795,"Passeriformes","Orthonyx spaldingii","Orthonyx spaldingii","Orthonyx_spaldingii",11.15101116,4,2.175830604,7,0,"Not a Migrant",1,"resident","strong","invertebrates",1,-17.51,23.29452,17.52805,1786.8817,340.49167,NA,NA,10.542,88.68
"POSRUF",15792,"Passeriformes","Pomatostomus ruficeps","Pomatostomus ruficeps","Pomatostomus_ruficeps",11.73243956,4,1.761927838,91,0,"Not a Migrant",2,"resident","weak","invertebrates",2,-30.43,19.39526,30.09851538,314.7777,26.95487154,NA,NA,10.772,54.03
"APHCOE",16462,"Passeriformes","Aphelocoma coerulescens","Aphelocoma coerulescens","Aphelocoma_coerulescens",16.48080076,4,1.887167021,10,0,"Not a Migrant",1,"resident","strong","omnivore",2,28.09,21.88751333,23.85470667,1282.954667,149.8542533,NA,NA,12.782,141.75
"CORBRA",16517,"Passeriformes","Corvus brachyrhynchos","Corvus brachyrhynchos","Corvus_brachyrhynchos",35.21660781,4,2.652014139,1210,0.001652893,"Full Migrant",2,"directional migratory","none","omnivore",2,44.87,6.355570847,40.24815603,763.28778,65.54266156,NA,NA,32.016,396.21
"PANBIA",16737,"Passeriformes","Panurus biarmicus","Panurus biarmicus","Panurus_biarmicus",21.81132677,4,1.140508043,825,0.001212121,"Not a Migrant",2,"dispersive migratory","weak","invertebrates",3,44.64,6.682521874,40.26649867,367.2179907,46.62950609,NA,NA,21.811,13.82
"ALACHE",16808,"Passeriformes","Calandrella cheleensis"," NA","Alaudala_cheleensis",28.34649598,4,1.346352974,911,0,"Full Migrant",2,"directional migratory","weak","omnivore",3,40.85,3.200766143,43.86210417,329.1364315,74.45797391,NA,NA,24.14,29.84
"TAEGUT",19193,"Passeriformes","Taeniopygia guttata","Taeniopygia guttata","Taeniopygia_guttata",21.25173454,4,1.080626487,43,1,"Not a Migrant",2,"resident","weak","seeds",2,-24.48,22.04049731,27.63953788,491.622246,84.15293758,NA,NA,20.675,13
"LONSTR",19216,"Passeriformes","Lonchura striata","Lonchura striata","Lonchura_striata",21.34487148,8,1.089905111,501,0.051896208,"Not a Migrant",1,"resident","weak","seeds",3,16.5,24.45521679,19.87128874,1782.852393,331.2821503,NA,NA,21.317,12.79
"GEOFOR",20297,"Passeriformes","Geospiza fortis","Geospiza fortis","Geospiza_fortis",19.03296593,4,1.380211242,6,1,"Not a Migrant",1,"resident","weak","seeds",2,-0.47,23.1161375,11.4893,635.616,70.02825,NA,NA,17.397,14.58
"NESACU",20188,"Passeriformes","Nesospiza acunhae","Nesospiza acunhae","Nesospiza_acunhae",20.01744784,4,1.455453969,1,1,"Not a Migrant",1,"resident","weak","omnivore",2,-37.32,13.6875,11.9,1744.25,68.75,NA,NA,20.792,19
